{"count":1,"self":5.3991099999999994,"total":21.389131,"children":{"InitializeActuators":{"count":6,"self":0.00091499999999999991,"total":0.00091499999999999991,"children":null},"InitializeSensors":{"count":6,"self":0.002335,"total":0.002335,"children":null},"AgentSendState":{"count":9590,"self":0.669335,"total":0.992694,"children":{"CollectObservations":{"count":11520,"self":0.0064659999999999995,"total":0.0064659999999999995,"children":null},"WriteActionMask":{"count":11520,"self":0.0062819999999999994,"total":0.0062819999999999994,"children":null},"RequestDecision":{"count":11520,"self":0.016857999999999998,"total":0.31061099999999997,"children":{"AgentInfo.ToProto":{"count":11520,"self":0.022216,"total":0.293753,"children":{"GenerateSensorData":{"count":11520,"self":0.24414999999999998,"total":0.271537,"children":{"RayPerceptionSensor.Perceive":{"count":23040,"self":0.027386999999999998,"total":0.027386999999999998,"children":null}}}}}}}}},"DecideAction":{"count":9590,"self":14.9275424,"total":14.927543,"children":null},"AgentAct":{"count":9590,"self":0.063701,"total":0.063701,"children":null},"AgentInfo.ToProto":{"count":12,"self":2.4E-05,"total":0.000993,"children":{"GenerateSensorData":{"count":12,"self":0.00093799999999999992,"total":0.00096899999999999992,"children":{"RayPerceptionSensor.Perceive":{"count":24,"self":3.1E-05,"total":3.1E-05,"children":null}}}}}},"gauges":{"SoccerThrees.CumulativeReward":{"count":12,"max":0,"min":0,"runningAverage":0,"value":0,"weightedAverage":0}},"metadata":{"timer_format_version":"0.1.0","start_time_seconds":"1730352940","unity_version":"2023.2.3f1","command_line_arguments":"\/Users\/animeshagrawal\/repositories\/MultiAgentSoccer\/UnityEnvBuilds\/Soccer3.app\/Contents\/MacOS\/SoccerFinalTest --mlagents-port 50039","communication_protocol_version":"1.5.0","com.unity.ml-agents_version":"3.0.0","scene_name":"Soccer3","end_time_seconds":"1730352961"}}